Filename,# unique final preds,# useful preds,# preds w/ calls,# initial preds,# final preds,# initial full exprs unseq. s.e,additional partial-alias responses,additional must-not-alias responses,additional may-alias responses,additional must-alias responses,Benchmark,Increase in additional may-alias responses(%),Increase in additional must-alias responses(%),Increase in additional must-not-alias responses(%),Increase in additional partial-alias responses(%),Total AA Queries,Total AA Queries w/ Unseq
cp-demangle.stats,8,2,0,8,1763,6,127,58230,337180,12371,502.gcc_r,20.417,48.396,24.005,3.188,1923587.0,2331495.0
regmove.stats,3,1,0,226,3,77,20,41661,-23803,14,502.gcc_r,-9.409,5.49,267.761,5.54,269158.0,287050.0
io_tiff.stats,28,24,1,33,324,18,38,6439,62260,38,525.x264_r,67.309,35.185,34.518,65.517,111319.0,180094.0
re_comp.stats,164,45,7,184,275,88,0,2453,4223,6,500.perlbench_r,0.073,0.014,0.214,0.0,6952420.0,6959102.0
regcomp.stats,173,45,7,193,314,97,0,2136,1274,5,500.perlbench_r,0.027,0.014,0.333,0.0,5319976.0,5323391.0
delta_encoder.stats,10,4,0,14,30,6,0,2021,1416,78,557.xz_r,131.354,288.889,123.533,0.0,2743.0,6258.0
regexec.stats,72,36,0,92,142,55,-105,1849,305810,3,500.perlbench_r,3.93,0.016,0.579,-2.942,8123568.0,8431125.0
re_exec.stats,72,36,0,92,142,55,-105,1836,291952,3,500.perlbench_r,3.91,0.016,0.584,-2.935,7803512.0,8097198.0
pretty-print.stats,79,19,0,116,99,33,2,1101,790,3,502.gcc_r,0.379,1.734,5.987,0.399,227648.0,229544.0
toke.stats,324,155,4,357,360,147,0,1059,16695,18,500.perlbench_r,0.018,0.455,0.023,0.0,96041070.0,96058842.0
insn-extract.stats,2178,650,0,2193,2178,731,0,513,-513,0,502.gcc_r,-0.002,0.0,0.508,0.0,25500657.0,25500657.0
delta_decoder.stats,5,2,0,9,15,5,0,481,368,24,557.xz_r,112.538,218.182,101.907,0.0,811.0,1684.0
Storable.stats,281,155,81,359,281,218,0,129,-129,0,500.perlbench_r,-0.019,0.0,0.166,0.0,751025.0,751025.0
ListUtil.stats,64,38,16,97,65,69,0,70,-70,0,500.perlbench_r,-0.019,0.0,0.199,0.0,398458.0,398458.0
intra8x8_pred_normal.stats,1377,250,0,1381,2357,165,0,69,-69,0,525.x264_r,-0.004,0.0,0.021,0.0,2048966.0,2048966.0
intra8x8_pred_mbaff.stats,1209,250,0,1213,2189,109,0,69,-69,0,525.x264_r,-0.003,0.0,0.012,0.0,2965085.0,2965085.0
universal.stats,56,33,11,86,69,74,0,65,-65,0,500.perlbench_r,-0.153,0.0,1.126,0.0,48942.0,48942.0
mbuffer.stats,290,79,9,296,586,81,0,65,-65,0,525.x264_r,-0.005,0.0,0.061,0.0,1327352.0,1327352.0
sel-sched-ir.stats,42,16,6,336,170,120,0,57,-57,0,502.gcc_r,-0.018,0.0,0.103,0.0,372979.0,372979.0
scope.stats,80,11,9,103,133,79,1,36,824,0,500.perlbench_r,0.842,0.0,0.712,0.307,103582.0,104443.0
pp_hot.stats,143,24,19,182,158,134,0,35,-35,0,500.perlbench_r,-0.01,0.0,0.108,0.0,375371.0,375371.0
sort.stats,8,3,0,8,36,5,0,33,-33,0,502.gcc_r,-0.062,0.0,0.544,0.0,59222.0,59222.0
IO.stats,19,15,0,36,19,33,0,30,-30,0,500.perlbench_r,-0.278,0.0,0.682,0.0,15286.0,15286.0
Opcode.stats,18,15,10,45,32,35,0,30,-30,0,500.perlbench_r,-0.107,0.0,0.315,0.0,37884.0,37884.0
reg-stack.stats,45,15,16,239,136,83,0,30,-30,0,502.gcc_r,-0.004,0.0,0.064,0.0,882858.0,882858.0
SHA.stats,1811,15,2,1829,2253,193,0,30,-30,0,500.perlbench_r,-0.035,0.0,0.054,0.0,142551.0,142551.0
analyse.stats,472,116,7,478,528,36,0,29,1177,5,525.x264_r,0.043,0.047,0.001,0.0,4855377.0,4856588.0
pp_ctl.stats,322,48,79,399,413,289,0,28,-28,0,500.perlbench_r,-0.003,0.0,0.035,0.0,887772.0,887772.0
combine.stats,11,2,1,276,11,96,0,28,-28,0,502.gcc_r,-0.001,0.0,0.01,0.0,3932312.0,3932312.0
regex.stats,302,109,0,311,405,126,0,27,-27,0,502.gcc_r,-0.003,0.0,0.041,0.0,951174.0,951174.0
HiRes.stats,27,13,8,53,27,46,0,26,-26,0,500.perlbench_r,-0.267,0.0,0.562,0.0,14525.0,14525.0
op.stats,92,14,5,114,185,78,0,25,-25,0,500.perlbench_r,-0.002,0.0,0.021,0.0,1278282.0,1278282.0
Parser.stats,34,20,3,54,36,40,0,24,-24,0,500.perlbench_r,-0.004,0.0,0.034,0.0,683843.0,683843.0
pp_sys.stats,136,13,80,244,267,186,0,22,-22,0,500.perlbench_r,-0.007,0.0,0.063,0.0,363726.0,363726.0
Peek.stats,15,11,0,32,16,29,0,22,-22,0,500.perlbench_r,-0.219,0.0,1.051,0.0,12289.0,12289.0
sv.stats,210,28,4,231,304,163,0,20,-280,0,500.perlbench_r,-0.023,0.0,0.011,0.0,1392693.0,1392433.0
encoder.stats,71,26,0,75,88,28,0,19,-19,0,525.x264_r,-0.002,0.0,0.007,0.0,1523794.0,1523794.0
Glob.stats,23,11,1,42,23,35,0,19,-19,0,500.perlbench_r,-0.126,0.0,0.892,0.0,17320.0,17320.0
Cwd.stats,22,9,0,39,22,36,0,18,-18,0,500.perlbench_r,-0.173,0.0,0.907,0.0,12446.0,12446.0
mathoms.stats,14,13,0,33,14,26,0,18,-18,0,500.perlbench_r,-1.875,0.0,4.063,0.0,1545.0,1545.0
df-scan.stats,32,12,0,253,49,88,0,17,-17,0,502.gcc_r,-0.003,0.0,0.079,0.0,536111.0,536111.0
ratecontrol.stats,37,20,2,43,37,16,0,16,-16,0,525.x264_r,-0.004,0.0,0.025,0.0,424693.0,424693.0
MD5.stats,128,9,0,145,302,52,0,16,-16,0,500.perlbench_r,-0.057,0.0,0.089,0.0,46464.0,46464.0
Util.stats,10,8,8,36,12,30,0,16,-16,0,500.perlbench_r,-0.131,0.0,0.77,0.0,14395.0,14395.0
mro.stats,17,8,8,44,17,37,0,16,-16,0,500.perlbench_r,-0.034,0.0,0.604,0.0,50129.0,50129.0
tree-vect-stmts.stats,28,10,0,554,139,190,0,15,-15,0,502.gcc_r,-0.003,0.0,0.018,0.0,521839.0,521839.0
Dumper.stats,47,5,7,71,73,65,0,14,-14,0,500.perlbench_r,-0.003,0.0,0.025,0.0,550636.0,550636.0
cplus-dem.stats,41,8,2,44,398,22,0,14,-14,0,502.gcc_r,-0.001,0.0,0.023,0.0,1237077.0,1237077.0
FieldHash.stats,12,7,2,33,13,28,0,14,-14,0,500.perlbench_r,-0.101,0.0,0.607,0.0,16410.0,16410.0
cfganal.stats,65,8,16,269,87,100,0,13,-13,0,502.gcc_r,-0.03,0.0,0.403,0.0,47714.0,47714.0
Base64.stats,69,6,1,89,69,49,0,12,-12,0,500.perlbench_r,-0.028,0.0,0.296,0.0,46623.0,46623.0
ImageValidator.stats,46,16,0,50,62,8,0,12,-12,0,525.x264_r,-0.029,0.0,0.027,0.0,85085.0,85085.0
sha512.stats,4,1,0,10,20,7,0,12,-665,2,557.xz_r,-22.421,5.0,0.278,0.0,7404.0,6753.0
cpp_macro.stats,46,8,1,47,91,33,0,11,-11,0,502.gcc_r,-0.009,0.0,0.15,0.0,136365.0,136365.0
spec_mem_io.stats,39,11,0,43,48,13,0,9,-9,0,557.xz_r,-0.178,0.0,0.376,0.0,7464.0,7464.0
arybase.stats,6,4,8,31,6,22,0,8,-8,0,500.perlbench_r,-0.048,0.0,0.185,0.0,21102.0,21102.0
perlio.stats,64,11,1,88,165,61,0,8,-278,0,500.perlbench_r,-0.253,0.0,0.045,0.0,129235.0,128965.0
NamedCapture.stats,6,4,2,25,6,22,0,8,-8,0,500.perlbench_r,-0.124,0.0,0.659,0.0,7792.0,7792.0
attributes.stats,5,4,2,26,5,22,0,8,-8,0,500.perlbench_r,-0.079,0.0,0.619,0.0,11537.0,11537.0
pp_sort.stats,58,5,0,79,300,45,0,8,-8,0,500.perlbench_r,-0.001,0.0,0.023,0.0,959663.0,959663.0
erc_do_p.stats,43,12,0,47,63,16,0,8,-1070,0,525.x264_r,-0.527,0.0,0.058,0.0,217602.0,216540.0
parset.stats,17,10,9,30,17,14,0,7,-7,0,525.x264_r,-0.015,0.0,0.03,0.0,70325.0,70325.0
perl.stats,13,8,12,47,17,37,0,7,-7,0,500.perlbench_r,-0.002,0.0,0.006,0.0,453000.0,453000.0
dwarf2out.stats,48,10,1,468,603,166,0,6,-6,0,502.gcc_r,-0.0,0.0,0.001,0.0,6769930.0,6769930.0
caller-save.stats,16,8,0,209,19,72,0,6,-6,0,502.gcc_r,-0.01,0.0,0.031,0.0,79649.0,79649.0
ira.stats,9,4,2,293,18,103,0,6,-6,0,502.gcc_r,-0.001,0.0,0.008,0.0,620278.0,620278.0
ipa-utils.stats,16,8,0,331,20,112,0,5,-5,0,502.gcc_r,-0.145,0.0,0.859,0.0,4119.0,4119.0
index_hash.stats,11,5,0,15,11,8,0,5,-5,0,557.xz_r,-1.887,0.0,0.94,0.0,882.0,882.0
pp.stats,236,26,24,286,309,224,-2,4,-487,-25,500.perlbench_r,-0.113,-1.06,0.012,-0.117,467987.0,467477.0
ddg.stats,16,4,0,276,18,94,0,4,-4,0,502.gcc_r,-0.006,0.0,0.062,0.0,76955.0,76955.0
lto-section-in.stats,3,2,0,408,12,139,0,4,-4,0,502.gcc_r,-0.407,0.0,1.681,0.0,1299.0,1299.0
DynaLoader.stats,3,2,0,22,3,18,0,4,-4,0,500.perlbench_r,-0.828,0.0,2.837,0.0,631.0,631.0
dominance.stats,20,7,0,205,32,70,0,4,-4,0,502.gcc_r,-0.003,0.0,0.068,0.0,126205.0,126205.0
utf8.stats,103,4,6,122,170,104,0,4,-4,0,500.perlbench_r,-0.004,0.0,0.02,0.0,124220.0,124220.0
re.stats,4,2,1,24,4,20,0,4,-4,0,500.perlbench_r,-0.238,0.0,1.843,0.0,1909.0,1909.0
tree-ssa-live.stats,14,6,0,321,20,111,0,4,-4,0,502.gcc_r,-0.006,0.0,0.06,0.0,77870.0,77870.0
annexb.stats,8,1,2,12,15,12,0,4,-4,0,525.x264_r,-0.133,0.0,0.727,0.0,3661.0,3661.0
tree-object-size.stats,5,3,0,320,5,110,0,4,-4,0,502.gcc_r,-0.005,0.0,0.025,0.0,92781.0,92781.0
pad.stats,16,6,5,37,22,23,0,4,-4,0,500.perlbench_r,-0.003,0.0,0.037,0.0,133015.0,133015.0
tree-ssa-loop-ivopts.stats,19,5,0,412,23,142,0,4,-4,0,502.gcc_r,-0.001,0.0,0.004,0.0,799564.0,799564.0
av.stats,21,4,0,44,118,30,0,4,-4,0,500.perlbench_r,-0.022,0.0,0.358,0.0,20043.0,20043.0
biaridecod.stats,3,2,0,7,6,5,0,4,-4,0,525.x264_r,-1.316,0.0,5.128,0.0,419.0,419.0
dse.stats,11,8,2,219,15,79,0,3,-3,0,502.gcc_r,-0.001,0.0,0.004,0.0,478344.0,478344.0
cpp_charset.stats,13,4,0,17,42,9,0,3,-3,0,502.gcc_r,-0.023,0.0,0.044,0.0,19977.0,19977.0
cpp_files.stats,12,4,0,12,16,8,0,3,-232,0,502.gcc_r,-0.577,0.0,0.076,0.0,44746.0,44517.0
graph.stats,3,1,0,196,9,67,0,3,-3,0,502.gcc_r,-0.009,0.0,0.057,0.0,37418.0,37418.0
Hostname.stats,1,1,1,21,1,17,0,2,-2,0,500.perlbench_r,-1.481,0.0,5.263,0.0,174.0,174.0
mro_core.stats,19,1,2,38,27,31,0,2,-2,0,500.perlbench_r,-0.001,0.0,0.016,0.0,250631.0,250631.0
hashtab.stats,5,1,0,5,6,5,0,2,-2,0,502.gcc_r,-0.044,0.0,0.137,0.0,6315.0,6315.0
tree-ssa-coalesce.stats,10,4,0,321,18,110,0,2,-2,0,502.gcc_r,-0.001,0.0,0.007,0.0,277082.0,277082.0
util.stats,17,1,0,36,35,24,0,2,-2,0,500.perlbench_r,-0.002,0.0,0.014,0.0,97065.0,97065.0
sha1.stats,439,1,0,439,443,74,0,2,-2,0,502.gcc_r,-0.255,0.0,0.247,0.0,1715.0,1715.0
tree-ssa-structalias.stats,24,5,5,395,95,135,0,2,-2,0,502.gcc_r,-0.0,0.0,0.002,0.0,1448901.0,1448901.0
make-relative-prefix.stats,10,1,2,10,14,10,0,2,-2,0,502.gcc_r,-0.092,0.0,0.159,0.0,3464.0,3464.0
xstrdup.stats,4,1,0,4,4,4,0,2,-2,0,502.gcc_r,-1.163,0.0,7.143,0.0,214.0,214.0
partition.stats,4,1,0,4,4,4,0,2,-2,0,502.gcc_r,-0.382,0.0,1.626,0.0,690.0,690.0
dbxout.stats,110,5,0,307,157,163,0,2,-2,0,502.gcc_r,-0.0,0.0,0.005,0.0,622841.0,622841.0
cselib.stats,7,3,0,200,8,73,0,2,-2,0,502.gcc_r,-0.003,0.0,0.013,0.0,86399.0,86399.0
strsignal.stats,4,1,0,4,4,4,0,2,-2,0,502.gcc_r,-0.365,0.0,0.108,0.0,2459.0,2459.0
obstack.stats,4,1,0,4,4,4,0,2,-2,0,502.gcc_r,-1.17,0.0,7.143,0.0,213.0,213.0
doio.stats,21,7,0,44,22,32,0,2,-2,0,500.perlbench_r,-0.003,0.0,0.013,0.0,82495.0,82495.0
alloca.stats,4,1,0,4,4,4,0,2,-2,0,502.gcc_r,-0.654,0.0,1.852,0.0,439.0,439.0
md5.stats,118,2,0,118,122,21,0,2,-2,0,502.gcc_r,-0.292,0.0,0.351,0.0,1346.0,1346.0
cpp_traditional.stats,30,2,0,30,115,15,0,2,-41,0,502.gcc_r,-0.037,0.0,0.091,0.0,112119.0,112080.0
gcse.stats,6,2,0,229,6,79,0,2,-2,0,502.gcc_r,-0.0,0.0,0.002,0.0,666562.0,666562.0
floatformat.stats,4,1,0,4,4,4,0,2,-2,0,502.gcc_r,-0.198,0.0,0.669,0.0,1394.0,1394.0
strerror.stats,4,1,0,4,4,4,0,2,-2,0,502.gcc_r,-0.097,0.0,0.189,0.0,3199.0,3199.0
xstrndup.stats,4,1,0,4,4,4,0,2,-2,0,502.gcc_r,-1.149,0.0,7.143,0.0,216.0,216.0
cpp_lex.stats,33,3,0,33,67,25,0,2,-2,0,502.gcc_r,-0.001,0.0,0.014,0.0,194897.0,194897.0
xmemdup.stats,4,1,0,4,4,4,0,2,-2,0,502.gcc_r,-1.163,0.0,7.143,0.0,214.0,214.0
cp-demint.stats,4,1,0,4,4,4,0,2,-2,0,502.gcc_r,-0.336,0.0,1.325,0.0,794.0,794.0
argv.stats,13,1,0,13,14,9,0,2,-2,0,502.gcc_r,-0.091,0.0,0.763,0.0,2486.0,2486.0
mkstemps.stats,4,1,0,4,4,4,0,2,-2,0,502.gcc_r,-0.671,0.0,1.515,0.0,454.0,454.0
lrealpath.stats,4,1,0,4,4,4,0,2,-2,0,502.gcc_r,-1.105,0.0,6.897,0.0,224.0,224.0
dyn-string.stats,4,1,0,4,4,4,0,2,-2,0,502.gcc_r,-0.148,0.0,1.724,0.0,1590.0,1590.0
concat.stats,4,1,0,4,4,4,0,2,-2,0,502.gcc_r,-0.144,0.0,1.143,0.0,1618.0,1618.0
mbuffer_mvc.stats,133,7,0,137,240,40,0,2,-2,0,525.x264_r,-0.001,0.0,0.008,0.0,310766.0,310766.0
cpp_mkdeps.stats,10,3,0,12,10,6,0,2,-2,0,502.gcc_r,-0.08,0.0,0.877,0.0,2779.0,2779.0
fibheap.stats,4,1,0,4,4,4,0,2,-2,0,502.gcc_r,-0.026,0.0,0.265,0.0,8734.0,8734.0
fold-const.stats,4,2,0,257,4,88,0,2,-2,0,502.gcc_r,-0.0,0.0,0.0,0.0,17604119.0,17604119.0
make-temp-file.stats,4,1,0,4,4,4,0,2,-2,0,502.gcc_r,-0.469,0.0,2.667,0.0,518.0,518.0
gimple.stats,12,3,0,335,22,115,0,2,-2,0,502.gcc_r,-0.001,0.0,0.005,0.0,270325.0,270325.0
filename_cmp.stats,4,1,0,4,4,4,0,2,-2,0,502.gcc_r,-2.083,0.0,22.222,0.0,105.0,105.0
c-pragma.stats,10,2,0,182,37,62,0,1,-1,0,502.gcc_r,-0.004,0.0,0.015,0.0,29812.0,29812.0
x264.stats,3,2,2,9,3,7,0,1,-1,0,525.x264_r,-0.002,0.0,0.002,0.0,108636.0,108636.0
function.stats,28,9,1,314,61,109,0,1,-1,0,502.gcc_r,-0.0,0.0,0.003,0.0,471941.0,471941.0
integrate.stats,3,2,0,226,3,77,0,1,-1,0,502.gcc_r,-0.022,0.0,0.282,0.0,5088.0,5088.0
ldecod.stats,34,9,6,44,34,16,0,1,-1,0,525.x264_r,-0.002,0.0,0.006,0.0,59038.0,59038.0
frame.stats,23,5,0,29,24,11,0,1,-1,0,525.x264_r,-0.001,0.0,0.003,0.0,176985.0,176985.0
cfgrtl.stats,9,3,0,241,9,83,0,1,-1,0,502.gcc_r,-0.0,0.0,0.005,0.0,234382.0,234382.0
cfgloop.stats,27,2,0,361,67,126,0,1,-1,0,502.gcc_r,-0.0,0.0,0.007,0.0,268514.0,268514.0
sched-deps.stats,4,2,1,248,18,86,0,1,-1,0,502.gcc_r,-0.0,0.0,0.002,0.0,1002148.0,1002148.0
sched-rgn.stats,27,10,0,271,28,103,0,1,-1,0,502.gcc_r,-0.0,0.0,0.003,0.0,561367.0,561367.0
xatexit.stats,3,1,0,3,3,1,0,1,-1,0,502.gcc_r,-0.588,0.0,1.471,0.0,263.0,263.0
header.stats,46,19,11,61,46,29,0,1,-1,0,525.x264_r,-0.001,0.0,0.003,0.0,201398.0,201398.0
tree-vect-loop.stats,11,3,0,542,29,184,0,1,-1,0,502.gcc_r,-0.0,0.0,0.001,0.0,1257078.0,1257078.0
ggc-common.stats,8,2,0,34,8,11,0,1,-1,0,502.gcc_r,-0.005,0.0,0.033,0.0,25308.0,25308.0
bsd_glob.stats,64,2,1,84,142,52,0,1,-1,0,500.perlbench_r,-0.005,0.0,0.034,0.0,24120.0,24120.0
img_io.stats,2,1,0,6,2,5,0,1,-1,0,525.x264_r,-0.138,0.0,0.173,0.0,1379.0,1379.0
cpp_symtab.stats,4,2,7,11,8,3,0,1,-74,0,502.gcc_r,-2.181,0.0,0.167,0.0,4102.0,4029.0
thread.stats,2,1,0,8,2,6,0,1,-1,0,525.x264_r,-0.198,0.0,0.12,0.0,1381.0,1381.0
mg.stats,28,9,7,53,30,34,0,1,-132,0,500.perlbench_r,-0.071,0.0,0.003,0.0,220699.0,220568.0
tree-ssa-loop-ivcanon.stats,2,0,0,345,4,118,0,0,0,0,502.gcc_r,0.0,0.0,0.0,0.0,35648.0,35648.0
auto-inc-dec.stats,0,0,0,223,0,76,0,0,0,0,502.gcc_r,0.0,0.0,0.0,0.0,146.0,146.0
insn-peep.stats,0,0,0,223,0,76,0,0,0,0,502.gcc_r,0.0,0.0,0.0,0.0,146.0,146.0
graphite-poly.stats,0,0,0,510,0,173,0,0,0,0,502.gcc_r,0.0,0.0,0.0,0.0,146.0,146.0
ipa-prop.stats,7,0,0,394,28,136,0,0,0,0,502.gcc_r,0.0,0.0,0.0,0.0,127639.0,127639.0
tree-ssa-loop-prefetch.stats,4,0,0,480,4,163,0,0,0,0,502.gcc_r,0.0,0.0,0.0,0.0,240500.0,240500.0
ipa-cp.stats,4,0,0,348,4,120,0,0,0,0,502.gcc_r,0.0,0.0,0.0,0.0,120069.0,120069.0
et-forest.stats,2,0,0,2,2,1,0,0,0,0,502.gcc_r,0.0,0.0,0.0,0.0,12367.0,12367.0
c-parser.stats,8,6,0,289,42,102,0,0,0,0,502.gcc_r,0.0,0.0,0.0,0.0,204323.0,204323.0
cpp_directives.stats,20,1,7,27,25,11,0,0,0,0,502.gcc_r,0.0,0.0,0.0,0.0,46742.0,46742.0
sched-ebb.stats,2,0,0,245,2,84,0,0,0,0,502.gcc_r,0.0,0.0,0.0,0.0,40579.0,40579.0
graphds.stats,9,0,0,72,9,28,0,0,0,0,502.gcc_r,0.0,0.0,0.0,0.0,12454.0,12454.0
tree-ssa-ter.stats,0,0,0,315,0,108,0,0,0,0,502.gcc_r,0.0,0.0,0.0,0.0,183408.0,183408.0
calls.stats,4,1,3,364,4,125,0,0,0,0,502.gcc_r,0.0,0.0,0.0,0.0,494763.0,494763.0
graphite.stats,0,0,0,510,0,173,0,0,0,0,502.gcc_r,0.0,0.0,0.0,0.0,146.0,146.0
stringpool.stats,0,0,0,37,0,13,0,0,0,0,502.gcc_r,0.0,0.0,0.0,0.0,1112.0,1112.0
ira-build.stats,23,4,2,279,44,97,0,0,0,0,502.gcc_r,0.0,0.0,0.0,0.0,506679.0,506679.0
physmem.stats,0,0,0,0,0,0,0,0,0,0,502.gcc_r,0.0,0.0,0.0,0.0,118.0,118.0
intl.stats,0,0,0,0,0,0,0,0,0,0,502.gcc_r,0.0,0.0,0.0,0.0,152.0,152.0
c-pch.stats,0,0,0,37,0,13,0,0,0,0,502.gcc_r,0.0,0.0,0.0,0.0,4921.0,4921.0
cfgbuild.stats,0,0,0,223,0,76,0,0,0,0,502.gcc_r,0.0,0.0,0.0,0.0,152849.0,152849.0
loop-iv.stats,8,5,0,216,8,76,0,0,0,0,502.gcc_r,0.0,0.0,0.0,0.0,192161.0,192161.0
safe-ctype.stats,0,0,0,0,0,0,0,0,0,0,502.gcc_r,0.0,0.0,0.0,0.0,118.0,118.0
ipa-pure-const.stats,3,0,0,406,4,139,0,0,0,0,502.gcc_r,0.0,0.0,0.0,0.0,53035.0,53035.0
xstrerror.stats,0,0,0,0,0,0,0,0,0,0,502.gcc_r,0.0,0.0,0.0,0.0,6.0,6.0
expr.stats,3,1,0,363,3,125,0,0,0,0,502.gcc_r,0.0,0.0,0.0,0.0,899497.0,899497.0
tree-chrec.stats,0,0,0,345,0,118,0,0,0,0,502.gcc_r,0.0,0.0,0.0,0.0,38398.0,38398.0
tree-ssa-phiopt.stats,0,0,0,345,0,118,0,0,0,0,502.gcc_r,0.0,0.0,0.0,0.0,421793.0,421793.0
tree-ssa-ccp.stats,0,0,0,345,0,118,0,0,0,0,502.gcc_r,0.0,0.0,0.0,0.0,339590.0,339590.0
sdbout.stats,0,0,0,37,0,13,0,0,0,0,502.gcc_r,0.0,0.0,0.0,0.0,146.0,146.0
cfg.stats,16,2,0,385,44,130,0,0,0,0,502.gcc_r,0.0,0.0,0.0,0.0,24648.0,24648.0
cfghooks.stats,4,0,0,347,6,119,0,0,0,0,502.gcc_r,0.0,0.0,0.0,0.0,51219.0,51219.0
tree-predcom.stats,20,3,0,510,52,173,0,0,0,0,502.gcc_r,0.0,0.0,0.0,0.0,728238.0,728238.0
regstat.stats,0,0,0,223,0,76,0,0,0,0,502.gcc_r,0.0,0.0,0.0,0.0,62847.0,62847.0
tree-vect-slp.stats,17,1,0,542,52,185,0,0,0,0,502.gcc_r,0.0,0.0,0.0,0.0,139908.0,139908.0
haifa-sched.stats,14,0,0,268,40,91,0,0,0,0,502.gcc_r,0.0,0.0,0.0,0.0,629458.0,629458.0
genrtl.stats,0,0,0,15,0,5,0,0,0,0,502.gcc_r,0.0,0.0,0.0,0.0,2418.0,2418.0
tree-ssa-math-opts.stats,4,1,1,331,6,114,0,0,0,0,502.gcc_r,0.0,0.0,0.0,0.0,145660.0,145660.0
tree-ssa-threadupdate.stats,4,0,0,345,6,118,0,0,0,0,502.gcc_r,0.0,0.0,0.0,0.0,76857.0,76857.0
pointer-set.stats,0,0,0,0,0,0,0,0,0,0,502.gcc_r,0.0,0.0,0.0,0.0,1946.0,1946.0
insn-automata.stats,0,0,0,193,0,66,0,0,0,0,502.gcc_r,0.0,0.0,0.0,0.0,113648.0,113648.0
tree-ssa-loop-manip.stats,2,1,0,345,2,118,0,0,0,0,502.gcc_r,0.0,0.0,0.0,0.0,100264.0,100264.0
sese.stats,8,0,0,525,8,178,0,0,0,0,502.gcc_r,0.0,0.0,0.0,0.0,92846.0,92846.0
final.stats,34,1,0,409,36,149,0,0,0,0,502.gcc_r,0.0,0.0,0.0,0.0,185289.0,185289.0
c-omp.stats,0,0,0,238,0,81,0,0,0,0,502.gcc_r,0.0,0.0,0.0,0.0,10577.0,10577.0
tree-parloops.stats,4,1,0,540,8,183,0,0,0,0,502.gcc_r,0.0,0.0,0.0,0.0,717834.0,717834.0
params.stats,0,0,0,0,0,0,0,0,0,0,502.gcc_r,0.0,0.0,0.0,0.0,287.0,287.0
explow.stats,0,0,2,191,0,66,0,0,0,0,502.gcc_r,0.0,0.0,0.0,0.0,24347.0,24347.0
getpwd.stats,0,0,1,1,0,1,0,0,0,0,502.gcc_r,0.0,0.0,0.0,0.0,412.0,412.0
tree-scalar-evolution.stats,5,0,0,346,9,119,0,0,0,0,502.gcc_r,0.0,0.0,0.0,0.0,135403.0,135403.0
c-objc-common.stats,0,0,0,253,0,86,0,0,0,0,502.gcc_r,0.0,0.0,0.0,0.0,2429.0,2429.0
coverage.stats,4,0,1,258,21,90,0,0,0,0,502.gcc_r,0.0,0.0,0.0,0.0,73641.0,73641.0
simplify-rtx.stats,25,0,0,221,148,83,0,0,0,0,502.gcc_r,0.0,0.0,0.0,0.0,1527802.0,1527802.0
rtlhooks.stats,0,0,0,157,0,53,0,0,0,0,502.gcc_r,0.0,0.0,0.0,0.0,382.0,382.0
tree-data-ref.stats,24,1,0,480,179,163,0,0,0,0,502.gcc_r,0.0,0.0,0.0,0.0,752106.0,752106.0
tree-stdarg.stats,7,2,0,315,11,108,0,0,0,0,502.gcc_r,0.0,0.0,0.0,0.0,111448.0,111448.0
gimplify.stats,17,2,3,366,27,129,0,0,0,0,502.gcc_r,0.0,0.0,0.0,0.0,5757096.0,5757096.0
mcf.stats,4,0,0,195,20,68,0,0,0,0,502.gcc_r,0.0,0.0,0.0,0.0,340195.0,340195.0
modulo-sched.stats,7,0,0,265,15,92,0,0,0,0,502.gcc_r,0.0,0.0,0.0,0.0,970027.0,970027.0
tree-optimize.stats,0,0,0,375,0,128,0,0,0,0,502.gcc_r,0.0,0.0,0.0,0.0,4494.0,4494.0
c-format.stats,18,0,21,76,18,29,0,0,0,0,502.gcc_r,0.0,0.0,0.0,0.0,277137.0,277137.0
options.stats,0,0,0,0,0,0,0,0,0,0,502.gcc_r,0.0,0.0,0.0,0.0,162430.0,162430.0
gimple-pretty-print.stats,1,0,0,331,1,114,0,0,0,0,502.gcc_r,0.0,0.0,0.0,0.0,375639.0,375639.0
main.stats,0,0,0,0,0,0,0,0,0,0,502.gcc_r,0.0,0.0,0.0,0.0,146.0,146.0
tree-ssa-loop.stats,0,0,0,540,0,183,0,0,0,0,502.gcc_r,0.0,0.0,0.0,0.0,477.0,477.0
gtype-desc.stats,0,0,0,408,0,140,0,0,0,0,502.gcc_r,0.0,0.0,0.0,0.0,1378305.0,1378305.0
decimal128.stats,9,0,0,14,9,14,0,0,0,0,502.gcc_r,0.0,0.0,0.0,0.0,20729.0,20729.0
getopt.stats,0,0,0,0,0,0,0,0,0,0,502.gcc_r,0.0,0.0,0.0,0.0,115.0,115.0
c-dump.stats,0,0,0,37,0,13,0,0,0,0,502.gcc_r,0.0,0.0,0.0,0.0,203.0,203.0
tree-nrv.stats,0,0,0,330,0,113,0,0,0,0,502.gcc_r,0.0,0.0,0.0,0.0,23837.0,23837.0
tree-cfg.stats,11,1,0,395,19,136,0,0,0,0,502.gcc_r,0.0,0.0,0.0,0.0,1038688.0,1038688.0
tree-ssa-copyrename.stats,0,0,0,315,0,108,0,0,0,0,502.gcc_r,0.0,0.0,0.0,0.0,17600.0,17600.0
mini-gmp.stats,38,0,0,43,241,38,0,0,0,0,502.gcc_r,0.0,0.0,0.0,0.0,379344.0,379344.0
tree-vrp.stats,12,1,2,363,134,127,0,0,0,0,502.gcc_r,0.0,0.0,0.0,0.0,3758583.0,3758583.0
tree-iterator.stats,0,0,0,238,0,81,0,0,0,0,502.gcc_r,0.0,0.0,0.0,0.0,2919.0,2919.0
insn-opinit.stats,33,33,0,190,40,86,0,0,0,0,502.gcc_r,0.0,0.0,0.0,0.0,175674.0,175674.0
graphite-interchange.stats,0,0,0,510,0,173,0,0,0,0,502.gcc_r,0.0,0.0,0.0,0.0,146.0,146.0
ira-conflicts.stats,3,0,2,255,3,86,0,0,0,0,502.gcc_r,0.0,0.0,0.0,0.0,44132.0,44132.0
lambda-mat.stats,1,0,0,361,1,124,0,0,0,0,502.gcc_r,0.0,0.0,0.0,0.0,118647.0,118647.0
recog.stats,7,0,1,200,7,72,0,0,0,0,502.gcc_r,0.0,0.0,0.0,0.0,117130.0,117130.0
lists.stats,0,0,0,15,0,5,0,0,0,0,502.gcc_r,0.0,0.0,0.0,0.0,1255.0,1255.0
splay-tree.stats,2,0,0,2,2,1,0,0,0,0,502.gcc_r,0.0,0.0,0.0,0.0,4366.0,4366.0
combine-stack-adj.stats,0,0,0,223,0,76,0,0,0,0,502.gcc_r,0.0,0.0,0.0,0.0,44810.0,44810.0
tree-ssanames.stats,6,2,0,315,8,108,0,0,0,0,502.gcc_r,0.0,0.0,0.0,0.0,5360.0,5360.0
c-pretty-print.stats,0,0,0,37,0,13,0,0,0,0,502.gcc_r,0.0,0.0,0.0,0.0,53129.0,53129.0
regcprop.stats,0,0,0,193,0,66,0,0,0,0,502.gcc_r,0.0,0.0,0.0,0.0,110845.0,110845.0
tree-ssa-dce.stats,12,3,0,345,17,118,0,0,0,0,502.gcc_r,0.0,0.0,0.0,0.0,539614.0,539614.0
postreload-gcse.stats,2,0,0,225,2,77,0,0,0,0,502.gcc_r,0.0,0.0,0.0,0.0,210929.0,210929.0
bid2dpd_dpd2bid.stats,0,0,0,0,0,0,0,0,0,0,502.gcc_r,0.0,0.0,0.0,0.0,654.0,654.0
me.stats,0,0,0,6,0,5,0,0,0,0,525.x264_r,0.0,0.0,0.0,0.0,293243.0,293243.0
ira-costs.stats,7,3,3,262,7,90,0,0,0,0,502.gcc_r,0.0,0.0,0.0,0.0,145975.0,145975.0
ifcvt.stats,6,0,2,242,6,85,0,0,0,0,502.gcc_r,0.0,0.0,0.0,0.0,878037.0,878037.0
sreal.stats,0,0,0,0,0,0,0,0,0,0,502.gcc_r,0.0,0.0,0.0,0.0,756.0,756.0
ipa.stats,8,1,0,301,11,104,0,0,0,0,502.gcc_r,0.0,0.0,0.0,0.0,36813.0,36813.0
cse.stats,19,2,2,242,23,87,0,0,0,0,502.gcc_r,0.0,0.0,0.0,0.0,1567088.0,1567088.0
tree-ssa-uncprop.stats,5,1,0,345,17,118,0,0,0,0,502.gcc_r,0.0,0.0,0.0,0.0,69052.0,69052.0
tree-loop-distribution.stats,17,4,0,540,31,183,0,0,0,0,502.gcc_r,0.0,0.0,0.0,0.0,275878.0,275878.0
rtl.stats,1,0,0,16,1,6,0,0,0,0,502.gcc_r,0.0,0.0,0.0,0.0,12942.0,12942.0
gimple-iterator.stats,4,1,0,334,14,115,0,0,0,0,502.gcc_r,0.0,0.0,0.0,0.0,20536.0,20536.0
cppdefault.stats,0,0,0,0,0,0,0,0,0,0,502.gcc_r,0.0,0.0,0.0,0.0,152.0,152.0
xmalloc.stats,0,0,0,0,0,0,0,0,0,0,502.gcc_r,0.0,0.0,0.0,0.0,292.0,292.0
tree-tailcall.stats,4,2,0,360,8,123,0,0,0,0,502.gcc_r,0.0,0.0,0.0,0.0,181616.0,181616.0
tree-sra.stats,20,4,0,383,37,134,0,0,0,0,502.gcc_r,0.0,0.0,0.0,0.0,420971.0,420971.0
ipa-type-escape.stats,4,2,0,319,4,112,0,0,0,0,502.gcc_r,0.0,0.0,0.0,0.0,205783.0,205783.0
graphite-ppl.stats,0,0,0,0,0,0,0,0,0,0,502.gcc_r,0.0,0.0,0.0,0.0,146.0,146.0
tree-nested.stats,0,0,2,332,0,115,0,0,0,0,502.gcc_r,0.0,0.0,0.0,0.0,238067.0,238067.0
lto-streamer.stats,5,0,1,362,7,125,0,0,0,0,502.gcc_r,0.0,0.0,0.0,0.0,9013.0,9013.0
tree-switch-conversion.stats,4,0,0,317,6,109,0,0,0,0,502.gcc_r,0.0,0.0,0.0,0.0,165746.0,165746.0
cgraphbuild.stats,0,0,0,315,0,108,0,0,0,0,502.gcc_r,0.0,0.0,0.0,0.0,9820.0,9820.0
statistics.stats,0,0,0,142,0,48,0,0,0,0,502.gcc_r,0.0,0.0,0.0,0.0,8438.0,8438.0
cfgloopanal.stats,0,0,0,208,0,71,0,0,0,0,502.gcc_r,0.0,0.0,0.0,0.0,15211.0,15211.0
graphite-blocking.stats,0,0,0,510,0,173,0,0,0,0,502.gcc_r,0.0,0.0,0.0,0.0,146.0,146.0
unlink-if-ordinary.stats,0,0,0,0,0,0,0,0,0,0,502.gcc_r,0.0,0.0,0.0,0.0,129.0,129.0
emit-rtl.stats,40,0,0,233,139,88,0,0,0,0,502.gcc_r,0.0,0.0,0.0,0.0,440636.0,440636.0
lto-streamer-in.stats,9,0,0,406,15,139,0,0,0,0,502.gcc_r,0.0,0.0,0.0,0.0,471424.0,471424.0
tree-ssa-operands.stats,7,1,0,315,12,108,0,0,0,0,502.gcc_r,0.0,0.0,0.0,0.0,77404.0,77404.0
tree-ssa-address.stats,0,0,0,341,0,117,0,0,0,0,502.gcc_r,0.0,0.0,0.0,0.0,23386.0,23386.0
loop-invariant.stats,8,2,0,255,25,88,0,0,0,0,502.gcc_r,0.0,0.0,0.0,0.0,649711.0,649711.0
tree.stats,14,6,0,352,117,125,0,0,0,0,502.gcc_r,0.0,0.0,0.0,0.0,869265.0,869265.0
tree-vectorizer.stats,2,0,0,540,2,183,0,0,0,0,502.gcc_r,0.0,0.0,0.0,0.0,4668.0,4668.0
crc32.stats,0,0,0,0,0,0,0,0,0,0,502.gcc_r,0.0,0.0,0.0,0.0,160.0,160.0
c-aux-info.stats,0,0,0,37,0,13,0,0,0,0,502.gcc_r,0.0,0.0,0.0,0.0,22591.0,22591.0
value-prof.stats,2,0,0,345,14,118,0,0,0,0,502.gcc_r,0.0,0.0,0.0,0.0,360637.0,360637.0
vec.stats,6,2,0,15,22,5,0,0,0,0,502.gcc_r,0.0,0.0,0.0,0.0,2016.0,2016.0
lambda-trans.stats,0,0,0,360,0,123,0,0,0,0,502.gcc_r,0.0,0.0,0.0,0.0,321.0,321.0
c-common.stats,12,1,1,347,29,120,0,0,0,0,502.gcc_r,0.0,0.0,0.0,0.0,9847982.0,9847982.0
tree-inline.stats,10,1,2,411,14,143,0,0,0,0,502.gcc_r,0.0,0.0,0.0,0.0,877259.0,877259.0
c-errors.stats,0,0,0,37,0,13,0,0,0,0,502.gcc_r,0.0,0.0,0.0,0.0,218.0,218.0
getruntime.stats,0,0,0,0,0,0,0,0,0,0,502.gcc_r,0.0,0.0,0.0,0.0,133.0,133.0
c-lex.stats,0,0,0,52,0,18,0,0,0,0,502.gcc_r,0.0,0.0,0.0,0.0,35416.0,35416.0
insn-emit.stats,0,0,0,193,0,66,0,0,0,0,502.gcc_r,0.0,0.0,0.0,0.0,355039.0,355039.0
lto-section-out.stats,8,1,0,406,10,139,0,0,0,0,502.gcc_r,0.0,0.0,0.0,0.0,7953.0,7953.0
graphite-scop-detection.stats,0,0,0,525,0,178,0,0,0,0,502.gcc_r,0.0,0.0,0.0,0.0,146.0,146.0
ipa-struct-reorg.stats,18,2,0,363,53,125,0,0,0,0,502.gcc_r,0.0,0.0,0.0,0.0,776678.0,776678.0
gimple-low.stats,2,0,0,371,2,127,0,0,0,0,502.gcc_r,0.0,0.0,0.0,0.0,35757.0,35757.0
sparseset.stats,2,0,0,2,8,1,0,0,0,0,502.gcc_r,0.0,0.0,0.0,0.0,8275.0,8275.0
sbitmap.stats,145,0,0,338,518,95,0,0,0,0,502.gcc_r,0.0,0.0,0.0,0.0,78577.0,78577.0
lcm.stats,16,0,0,209,16,78,0,0,0,0,502.gcc_r,0.0,0.0,0.0,0.0,127140.0,127140.0
tree-ssa-copy.stats,0,0,0,345,0,118,0,0,0,0,502.gcc_r,0.0,0.0,0.0,0.0,92395.0,92395.0
stub-objc.stats,0,0,0,37,0,13,0,0,0,0,502.gcc_r,0.0,0.0,0.0,0.0,172.0,172.0
tree-ssa-propagate.stats,5,1,0,345,7,118,0,0,0,0,502.gcc_r,0.0,0.0,0.0,0.0,62767.0,62767.0
host-ieee128.stats,0,0,0,4,0,4,0,0,0,0,502.gcc_r,0.0,0.0,0.0,0.0,124.0,124.0
tree-cfgcleanup.stats,6,1,0,378,6,131,0,0,0,0,502.gcc_r,0.0,0.0,0.0,0.0,95181.0,95181.0
incpath.stats,0,0,0,0,0,0,0,0,0,0,502.gcc_r,0.0,0.0,0.0,0.0,92795.0,92795.0
insn-output.stats,0,0,0,193,0,66,0,0,0,0,502.gcc_r,0.0,0.0,0.0,0.0,20643.0,20643.0
tree-ssa-phiprop.stats,2,1,1,331,2,114,0,0,0,0,502.gcc_r,0.0,0.0,0.0,0.0,91131.0,91131.0
jump.stats,0,0,0,223,0,76,0,0,0,0,502.gcc_r,0.0,0.0,0.0,0.0,44608.0,44608.0
cgraph.stats,6,4,0,383,9,134,0,0,0,0,502.gcc_r,0.0,0.0,0.0,0.0,76814.0,76814.0
tree-eh.stats,5,2,1,362,15,125,0,0,0,0,502.gcc_r,0.0,0.0,0.0,0.0,797793.0,797793.0
sched-vis.stats,1,0,0,216,117,75,0,0,0,0,502.gcc_r,0.0,0.0,0.0,0.0,168460.0,168460.0
tree-into-ssa.stats,25,4,3,380,121,131,0,0,0,0,502.gcc_r,0.0,0.0,0.0,0.0,357755.0,357755.0
tree-ssa.stats,8,3,0,330,12,113,0,0,0,0,502.gcc_r,0.0,0.0,0.0,0.0,108079.0,108079.0
attribs.stats,0,0,0,52,0,18,0,0,0,0,502.gcc_r,0.0,0.0,0.0,0.0,40953.0,40953.0
insn-preds.stats,0,0,0,193,0,66,0,0,0,0,502.gcc_r,0.0,0.0,0.0,0.0,4373.0,4373.0
fopen_unlocked.stats,0,0,0,0,0,0,0,0,0,0,502.gcc_r,0.0,0.0,0.0,0.0,125.0,125.0
tree-dfa.stats,4,2,0,330,8,113,0,0,0,0,502.gcc_r,0.0,0.0,0.0,0.0,27738.0,27738.0
reginfo.stats,4,2,0,197,4,68,0,0,0,0,502.gcc_r,0.0,0.0,0.0,0.0,48752.0,48752.0
stor-layout.stats,4,1,0,315,4,107,0,0,0,0,502.gcc_r,0.0,0.0,0.0,0.0,139232.0,139232.0
c-semantics.stats,0,0,0,283,0,96,0,0,0,0,502.gcc_r,0.0,0.0,0.0,0.0,851.0,851.0
builtins.stats,0,0,8,384,0,137,0,0,0,0,502.gcc_r,0.0,0.0,0.0,0.0,676910.0,676910.0
tree-vect-data-refs.stats,11,0,0,540,19,183,0,0,0,0,502.gcc_r,0.0,0.0,0.0,0.0,237934.0,237934.0
tree-ssa-loop-im.stats,10,0,0,435,18,148,0,0,0,0,502.gcc_r,0.0,0.0,0.0,0.0,379429.0,379429.0
bt-load.stats,5,0,0,228,8,80,0,0,0,0,502.gcc_r,0.0,0.0,0.0,0.0,357245.0,357245.0
getopt1.stats,0,0,0,0,0,0,0,0,0,0,502.gcc_r,0.0,0.0,0.0,0.0,115.0,115.0
c-gimplify.stats,0,0,0,330,0,113,0,0,0,0,502.gcc_r,0.0,0.0,0.0,0.0,1071.0,1071.0
tree-affine.stats,0,0,0,253,0,86,0,0,0,0,502.gcc_r,0.0,0.0,0.0,0.0,16019.0,16019.0
varasm.stats,29,0,1,271,39,103,0,0,0,0,502.gcc_r,0.0,0.0,0.0,0.0,173918.0,173918.0
targhooks.stats,0,0,0,159,0,54,0,0,0,0,502.gcc_r,0.0,0.0,0.0,0.0,1131.0,1131.0
bitmap.stats,8,1,0,25,14,10,0,0,0,0,502.gcc_r,0.0,0.0,0.0,0.0,168773.0,168773.0
ipa-inline.stats,3,1,0,393,6,135,0,0,0,0,502.gcc_r,0.0,0.0,0.0,0.0,193064.0,193064.0
convert.stats,0,0,0,37,0,13,0,0,0,0,502.gcc_r,0.0,0.0,0.0,0.0,52139.0,52139.0
tree-loop-linear.stats,4,0,0,480,4,163,0,0,0,0,502.gcc_r,0.0,0.0,0.0,0.0,28114.0,28114.0
rtlanal.stats,1,0,0,195,1,68,0,0,0,0,502.gcc_r,0.0,0.0,0.0,0.0,71817.0,71817.0
ira-color.stats,26,3,2,271,47,99,0,0,0,0,502.gcc_r,0.0,0.0,0.0,0.0,418875.0,418875.0
df-byte-scan.stats,0,0,0,193,0,66,0,0,0,0,502.gcc_r,0.0,0.0,0.0,0.0,1631.0,1631.0
ipa-reference.stats,3,1,0,376,4,129,0,0,0,0,502.gcc_r,0.0,0.0,0.0,0.0,135888.0,135888.0
cpp_errors.stats,0,0,0,0,0,0,0,0,0,0,502.gcc_r,0.0,0.0,0.0,0.0,318.0,318.0
domwalk.stats,10,1,0,198,18,71,0,0,0,0,502.gcc_r,0.0,0.0,0.0,0.0,3420.0,3420.0
cfgexpand.stats,3,1,1,377,4,130,0,0,0,0,502.gcc_r,0.0,0.0,0.0,0.0,1436417.0,1436417.0
graphite-dependences.stats,0,0,0,495,0,168,0,0,0,0,502.gcc_r,0.0,0.0,0.0,0.0,146.0,146.0
debug.stats,0,0,0,0,0,0,0,0,0,0,502.gcc_r,0.0,0.0,0.0,0.0,151.0,151.0
tree-ssa-pre.stats,19,3,4,400,43,142,0,0,0,0,502.gcc_r,0.0,0.0,0.0,0.0,3021157.0,3021157.0
insn-attrtab.stats,0,0,0,193,0,66,0,0,0,0,502.gcc_r,0.0,0.0,0.0,0.0,4195406.0,4195406.0
lto-wpa-fixup.stats,3,0,0,376,6,129,0,0,0,0,502.gcc_r,0.0,0.0,0.0,0.0,4236.0,4236.0
c-lang.stats,0,0,0,238,0,81,0,0,0,0,502.gcc_r,0.0,0.0,0.0,0.0,146.0,146.0
df-core.stats,2,0,0,195,4,67,0,0,0,0,502.gcc_r,0.0,0.0,0.0,0.0,78775.0,78775.0
cpp_pch.stats,1,0,2,3,5,3,0,0,0,0,502.gcc_r,0.0,0.0,0.0,0.0,7435.0,7435.0
fixed-value.stats,0,0,0,37,0,13,0,0,0,0,502.gcc_r,0.0,0.0,0.0,0.0,18214.0,18214.0
graphite-clast-to-gimple.stats,0,0,0,525,0,178,0,0,0,0,502.gcc_r,0.0,0.0,0.0,0.0,146.0,146.0
lower-subreg.stats,0,0,0,238,0,81,0,0,0,0,502.gcc_r,0.0,0.0,0.0,0.0,97713.0,97713.0
ira-emit.stats,5,0,2,270,7,90,0,0,0,0,502.gcc_r,0.0,0.0,0.0,0.0,269121.0,269121.0
tree-ssa-loop-ch.stats,3,0,0,346,3,119,0,0,0,0,502.gcc_r,0.0,0.0,0.0,0.0,18867.0,18867.0
c-opts.stats,1,0,1,240,2,83,0,0,0,0,502.gcc_r,0.0,0.0,0.0,0.0,49943.0,49943.0
decNumber.stats,0,0,0,4,0,4,0,0,0,0,502.gcc_r,0.0,0.0,0.0,0.0,759180.0,759180.0
tree-ssa-sccvn.stats,22,4,4,386,49,134,0,0,0,0,502.gcc_r,0.0,0.0,0.0,0.0,1188731.0,1188731.0
cpp_expr.stats,5,2,0,6,6,6,0,0,0,0,502.gcc_r,0.0,0.0,0.0,0.0,58345.0,58345.0
passes.stats,2,0,0,435,2,148,0,0,0,0,502.gcc_r,0.0,0.0,0.0,0.0,668523.0,668523.0
lto-streamer-out.stats,2,0,0,405,2,138,0,0,0,0,502.gcc_r,0.0,0.0,0.0,0.0,287497.0,287497.0
tree-vect-loop-manip.stats,4,1,0,551,4,187,0,0,0,0,502.gcc_r,0.0,0.0,0.0,0.0,206371.0,206371.0
reload1.stats,33,7,3,308,83,98,0,0,0,0,502.gcc_r,0.0,0.0,0.0,0.0,2379593.0,2379593.0
lbasename.stats,0,0,0,0,0,0,0,0,0,0,502.gcc_r,0.0,0.0,0.0,0.0,136.0,136.0
tree-complex.stats,0,0,0,345,0,118,0,0,0,0,502.gcc_r,0.0,0.0,0.0,0.0,411106.0,411106.0
reorg.stats,0,0,0,223,0,76,0,0,0,0,502.gcc_r,0.0,0.0,0.0,0.0,148.0,148.0
xexit.stats,0,0,0,0,0,0,0,0,0,0,502.gcc_r,0.0,0.0,0.0,0.0,126.0,126.0
stack-ptr-mod.stats,0,0,0,193,0,66,0,0,0,0,502.gcc_r,0.0,0.0,0.0,0.0,1491.0,1491.0
c-cppbuiltin.stats,8,0,0,135,16,51,0,0,0,0,502.gcc_r,0.0,0.0,0.0,0.0,114039.0,114039.0
reload.stats,12,6,9,214,20,78,0,0,0,0,502.gcc_r,0.0,0.0,0.0,0.0,1099843.0,1099843.0
double-int.stats,0,0,0,37,0,13,0,0,0,0,502.gcc_r,0.0,0.0,0.0,0.0,894.0,894.0
dbgcnt.stats,0,0,0,15,0,5,0,0,0,0,502.gcc_r,0.0,0.0,0.0,0.0,705.0,705.0
bb-reorder.stats,2,0,0,195,2,67,0,0,0,0,502.gcc_r,0.0,0.0,0.0,0.0,330657.0,330657.0
vmsdbgout.stats,0,0,0,0,0,0,0,0,0,0,502.gcc_r,0.0,0.0,0.0,0.0,146.0,146.0
decimal32.stats,8,0,0,13,8,13,0,0,0,0,502.gcc_r,0.0,0.0,0.0,0.0,3942.0,3942.0
tree-ssa-sink.stats,0,0,0,345,0,118,0,0,0,0,502.gcc_r,0.0,0.0,0.0,0.0,44606.0,44606.0
lto-cgraph.stats,3,0,0,406,16,139,0,0,0,0,502.gcc_r,0.0,0.0,0.0,0.0,65174.0,65174.0
predict.stats,2,0,0,375,2,128,0,0,0,0,502.gcc_r,0.0,0.0,0.0,0.0,185159.0,185159.0
tree-phinodes.stats,5,1,0,330,14,113,0,0,0,0,502.gcc_r,0.0,0.0,0.0,0.0,11663.0,11663.0
cfgloopmanip.stats,11,0,0,348,29,120,0,0,0,0,502.gcc_r,0.0,0.0,0.0,0.0,132319.0,132319.0
langhooks.stats,0,0,0,313,0,106,0,0,0,0,502.gcc_r,0.0,0.0,0.0,0.0,5344.0,5344.0
hex.stats,0,0,0,0,0,0,0,0,0,0,502.gcc_r,0.0,0.0,0.0,0.0,6.0,6.0
tree-ssa-threadedge.stats,7,1,0,347,18,120,0,0,0,0,502.gcc_r,0.0,0.0,0.0,0.0,106350.0,106350.0
df-problems.stats,3,0,0,226,4,79,0,0,0,0,502.gcc_r,0.0,0.0,0.0,0.0,284752.0,284752.0
spec_qsort.stats,9,0,0,9,72,6,0,0,0,0,502.gcc_r,0.0,0.0,0.0,0.0,808356.0,808356.0
alias.stats,2,0,0,345,12,118,0,0,0,0,502.gcc_r,0.0,0.0,0.0,0.0,123116.0,123116.0
varpool.stats,1,1,0,316,1,109,0,0,0,0,502.gcc_r,0.0,0.0,0.0,0.0,6356.0,6356.0
mode-switching.stats,1,0,0,194,4,67,0,0,0,0,502.gcc_r,0.0,0.0,0.0,0.0,159906.0,159906.0
cgraphunit.stats,5,1,0,366,25,127,0,0,0,0,502.gcc_r,0.0,0.0,0.0,0.0,99918.0,99918.0
ggc-page.stats,7,0,0,352,13,121,0,0,0,0,502.gcc_r,0.0,0.0,0.0,0.0,32498.0,32498.0
hooks.stats,0,0,0,0,0,0,0,0,0,0,502.gcc_r,0.0,0.0,0.0,0.0,166.0,166.0
poll.stats,0,0,0,19,0,15,0,0,0,0,500.perlbench_r,0.0,0.0,0.0,0.0,528.0,528.0
specrand.stats,1,0,0,1,1,1,0,0,0,0,500.perlbench_r,0.0,0.0,0.0,0.0,257.0,257.0
doop.stats,149,0,0,169,258,42,0,0,0,0,500.perlbench_r,0.0,0.0,0.0,0.0,217247.0,217247.0
caretx.stats,0,0,0,19,0,15,0,0,0,0,500.perlbench_r,0.0,0.0,0.0,0.0,45.0,45.0
via.stats,6,0,0,23,6,18,0,0,0,0,500.perlbench_r,0.0,0.0,0.0,0.0,25282.0,25282.0
dump.stats,5,0,0,27,5,23,0,0,0,0,500.perlbench_r,0.0,0.0,0.0,0.0,601754.0,601754.0
perlmain.stats,0,0,0,19,0,15,0,0,0,0,500.perlbench_r,0.0,0.0,0.0,0.0,3006.0,3006.0
reentr.stats,0,0,0,19,0,15,0,0,0,0,500.perlbench_r,0.0,0.0,0.0,0.0,0.0,0.0
globals.stats,0,0,0,19,0,15,0,0,0,0,500.perlbench_r,0.0,0.0,0.0,0.0,0.0,0.0
stdio.stats,0,0,0,0,0,0,0,0,0,0,500.perlbench_r,0.0,0.0,0.0,0.0,6.0,6.0
perlapi.stats,0,0,0,19,0,15,0,0,0,0,500.perlbench_r,0.0,0.0,0.0,0.0,0.0,0.0
perly.stats,9,0,0,28,9,24,0,0,0,0,500.perlbench_r,0.0,0.0,0.0,0.0,1253693.0,1253693.0
numeric.stats,4,0,0,23,5,19,0,0,0,0,500.perlbench_r,0.0,0.0,0.0,0.0,6999.0,6999.0
taint.stats,0,0,0,19,0,15,0,0,0,0,500.perlbench_r,0.0,0.0,0.0,0.0,14443.0,14443.0
locale.stats,0,0,0,19,0,15,0,0,0,0,500.perlbench_r,0.0,0.0,0.0,0.0,78.0,78.0
deb.stats,0,0,0,19,0,15,0,0,0,0,500.perlbench_r,0.0,0.0,0.0,0.0,37.0,37.0
specrand.stats,1,0,0,1,1,1,0,0,0,0,999.specrand_ir,0.0,0.0,0.0,0.0,257.0,257.0
keywords.stats,0,0,0,19,0,15,0,0,0,0,500.perlbench_r,0.0,0.0,0.0,0.0,485605.0,485605.0
scalar.stats,0,0,0,17,0,14,0,0,0,0,500.perlbench_r,0.0,0.0,0.0,0.0,5105.0,5105.0
run.stats,0,0,0,19,0,15,0,0,0,0,500.perlbench_r,0.0,0.0,0.0,0.0,45.0,45.0
readmin.stats,6,3,4,14,6,11,0,0,0,0,505.mcf_r,0.0,0.0,0.0,0.0,8646.0,8646.0
mcfutil.stats,6,0,0,10,6,7,0,0,0,0,505.mcf_r,0.0,0.0,0.0,0.0,2686.0,2686.0
spec_qsort.stats,9,0,0,9,72,6,0,0,0,0,505.mcf_r,0.0,0.0,0.0,0.0,808356.0,808356.0
treeup.stats,0,0,0,4,0,4,0,0,0,0,505.mcf_r,0.0,0.0,0.0,0.0,2080.0,2080.0
pstart.stats,0,0,0,4,0,4,0,0,0,0,505.mcf_r,0.0,0.0,0.0,0.0,861.0,861.0
mcf.stats,0,0,0,4,0,4,0,0,0,0,505.mcf_r,0.0,0.0,0.0,0.0,309.0,309.0
implicit.stats,5,1,0,9,6,6,0,0,0,0,505.mcf_r,0.0,0.0,0.0,0.0,27658.0,27658.0
pflowup.stats,0,0,0,4,0,4,0,0,0,0,505.mcf_r,0.0,0.0,0.0,0.0,78.0,78.0
pbla.stats,0,0,0,4,0,4,0,0,0,0,505.mcf_r,0.0,0.0,0.0,0.0,595.0,595.0
pbeampp.stats,0,0,0,4,0,4,0,0,0,0,505.mcf_r,0.0,0.0,0.0,0.0,7834.0,7834.0
output.stats,0,0,0,4,0,4,0,0,0,0,505.mcf_r,0.0,0.0,0.0,0.0,676.0,676.0
main.stats,0,0,0,0,0,0,0,0,0,0,999.specrand_ir,0.0,0.0,0.0,0.0,60.0,60.0
block_decoder.stats,2,1,0,6,8,5,0,0,0,0,557.xz_r,0.0,0.0,0.0,0.0,2277.0,2277.0
decoder_test.stats,0,0,0,4,0,4,0,0,0,0,525.x264_r,0.0,0.0,0.0,0.0,1830.0,1830.0
filter_flags_decoder.stats,0,0,0,4,0,4,0,0,0,0,557.xz_r,0.0,0.0,0.0,0.0,36.0,36.0
store-motion.stats,1,0,0,224,1,77,0,0,0,0,502.gcc_r,0.0,0.0,0.0,0.0,346826.0,346826.0
lz_encoder_mf.stats,4,1,0,8,30,7,0,0,0,0,557.xz_r,0.0,0.0,0.0,0.0,27109.0,27109.0
coder.stats,0,0,0,4,0,4,0,0,0,0,557.xz_r,0.0,0.0,0.0,0.0,1164.0,1164.0
filter_encoder.stats,0,0,0,4,0,4,0,0,0,0,557.xz_r,0.0,0.0,0.0,0.0,881.0,881.0
lz_encoder.stats,0,0,0,4,0,4,0,0,0,0,557.xz_r,0.0,0.0,0.0,0.0,4934.0,4934.0
crc64_table.stats,0,0,0,4,0,4,0,0,0,0,557.xz_r,0.0,0.0,0.0,0.0,0.0,0.0
easy_encoder.stats,0,0,0,4,0,4,0,0,0,0,557.xz_r,0.0,0.0,0.0,0.0,6.0,6.0
arm.stats,0,0,0,4,0,4,0,0,0,0,557.xz_r,0.0,0.0,0.0,0.0,57.0,57.0
hardware_physmem.stats,0,0,0,4,0,4,0,0,0,0,557.xz_r,0.0,0.0,0.0,0.0,0.0,0.0
stream_flags_encoder.stats,0,0,0,4,0,4,0,0,0,0,557.xz_r,0.0,0.0,0.0,0.0,191.0,191.0
check.stats,0,0,0,4,0,4,0,0,0,0,557.xz_r,0.0,0.0,0.0,0.0,33.0,33.0
lz_decoder.stats,0,0,0,8,0,5,0,0,0,0,557.xz_r,0.0,0.0,0.0,0.0,3820.0,3820.0
tuklib_open_stdxxx.stats,0,0,0,4,0,4,0,0,0,0,557.xz_r,0.0,0.0,0.0,0.0,0.0,0.0
powerpc.stats,0,0,0,4,0,4,0,0,0,0,557.xz_r,0.0,0.0,0.0,0.0,57.0,57.0
block_buffer_decoder.stats,0,0,0,4,0,4,0,0,0,0,557.xz_r,0.0,0.0,0.0,0.0,78.0,78.0
message.stats,0,0,0,4,0,4,0,0,0,0,557.xz_r,0.0,0.0,0.0,0.0,2134.0,2134.0
vli_size.stats,0,0,0,4,0,4,0,0,0,0,557.xz_r,0.0,0.0,0.0,0.0,0.0,0.0
tuklib_exit.stats,0,0,0,4,0,4,0,0,0,0,557.xz_r,0.0,0.0,0.0,0.0,0.0,0.0
simple_encoder.stats,0,0,0,4,0,4,0,0,0,0,557.xz_r,0.0,0.0,0.0,0.0,18.0,18.0
easy_buffer_encoder.stats,0,0,0,4,0,4,0,0,0,0,557.xz_r,0.0,0.0,0.0,0.0,21.0,21.0
crc64_fast.stats,4,0,0,8,8,6,0,0,0,0,557.xz_r,0.0,0.0,0.0,0.0,351.0,351.0
lzma_encoder_optimum_fast.stats,0,0,0,12,0,7,0,0,0,0,557.xz_r,0.0,0.0,0.0,0.0,7021.0,7021.0
block_encoder.stats,0,0,0,4,0,4,0,0,0,0,557.xz_r,0.0,0.0,0.0,0.0,1855.0,1855.0
tuklib_progname.stats,0,0,0,4,0,4,0,0,0,0,557.xz_r,0.0,0.0,0.0,0.0,0.0,0.0
lzma2_encoder.stats,7,1,0,11,7,10,0,0,0,0,557.xz_r,0.0,0.0,0.0,0.0,1643.0,1643.0
delta_common.stats,0,0,0,4,0,4,0,0,0,0,557.xz_r,0.0,0.0,0.0,0.0,285.0,285.0
tuklib_cpucores.stats,0,0,0,4,0,4,0,0,0,0,557.xz_r,0.0,0.0,0.0,0.0,0.0,0.0
stream_decoder.stats,0,0,0,4,0,4,0,0,0,0,557.xz_r,0.0,0.0,0.0,0.0,2877.0,2877.0
ia64.stats,0,0,0,4,0,4,0,0,0,0,557.xz_r,0.0,0.0,0.0,0.0,715.0,715.0
armthumb.stats,0,0,0,4,0,4,0,0,0,0,557.xz_r,0.0,0.0,0.0,0.0,57.0,57.0
psimplex.stats,0,0,0,4,0,4,0,0,0,0,505.mcf_r,0.0,0.0,0.0,0.0,5345.0,5345.0
intra4x4_pred_normal.stats,78,0,0,82,84,66,0,0,0,0,525.x264_r,0.0,0.0,0.0,0.0,244650.0,244650.0
lzma_encoder_presets.stats,0,0,0,4,0,4,0,0,0,0,557.xz_r,0.0,0.0,0.0,0.0,351.0,351.0
mvpred.stats,0,0,0,6,0,5,0,0,0,0,525.x264_r,0.0,0.0,0.0,0.0,150263.0,150263.0
loop_filter_mbaff.stats,0,0,0,4,0,4,0,0,0,0,525.x264_r,0.0,0.0,0.0,0.0,26979.0,26979.0
memalloc.stats,0,0,0,4,0,4,0,0,0,0,525.x264_r,0.0,0.0,0.0,0.0,53349.0,53349.0
intra4x4_pred.stats,0,0,0,4,0,4,0,0,0,0,525.x264_r,0.0,0.0,0.0,0.0,6.0,6.0
rectangle.stats,0,0,0,6,0,5,0,0,0,0,525.x264_r,0.0,0.0,0.0,0.0,335.0,335.0
config_common.stats,5,0,0,9,5,9,0,0,0,0,525.x264_r,0.0,0.0,0.0,0.0,2764.0,2764.0
mdate.stats,0,0,0,6,0,5,0,0,0,0,525.x264_r,0.0,0.0,0.0,0.0,0.0,0.0
mc_direct.stats,1,0,0,5,1,5,0,0,0,0,525.x264_r,0.0,0.0,0.0,0.0,66874.0,66874.0
intra16x16_pred_normal.stats,17,0,4,21,368,19,0,0,0,0,525.x264_r,0.0,0.0,0.0,0.0,116403.0,116403.0
vlc.stats,0,0,0,6,0,5,0,0,0,0,525.x264_r,0.0,0.0,0.0,0.0,55.0,55.0
mc.stats,0,0,0,6,0,5,0,0,0,0,525.x264_r,0.0,0.0,0.0,0.0,74191.0,74191.0
loopFilter.stats,1,1,0,5,1,5,0,0,0,0,525.x264_r,0.0,0.0,0.0,0.0,14014.0,14014.0
intra8x8_pred.stats,0,0,0,4,0,4,0,0,0,0,525.x264_r,0.0,0.0,0.0,0.0,66.0,66.0
flv_bytestream.stats,1,0,0,7,1,6,0,0,0,0,525.x264_r,0.0,0.0,0.0,0.0,1545.0,1545.0
sei.stats,4,0,0,8,4,8,0,0,0,0,525.x264_r,0.0,0.0,0.0,0.0,20171.0,20171.0
deblock.stats,6,1,0,12,24,7,0,0,0,0,525.x264_r,0.0,0.0,0.0,0.0,65523.0,65523.0
macroblock.stats,0,0,0,6,0,5,0,0,0,0,525.x264_r,0.0,0.0,0.0,0.0,526742.0,526742.0
output.stats,4,0,0,9,36,6,0,0,0,0,525.x264_r,0.0,0.0,0.0,0.0,91401.0,91401.0
lookahead.stats,2,1,3,11,2,6,0,0,0,0,525.x264_r,0.0,0.0,0.0,0.0,4948.0,4948.0
mb_prediction.stats,1,0,0,5,5,5,0,0,0,0,525.x264_r,0.0,0.0,0.0,0.0,104404.0,104404.0
intra4x4_pred_mbaff.stats,43,0,0,47,43,47,0,0,0,0,525.x264_r,0.0,0.0,0.0,0.0,370230.0,370230.0
intra16x16_pred_mbaff.stats,4,0,0,8,16,8,0,0,0,0,525.x264_r,0.0,0.0,0.0,0.0,435711.0,435711.0
blk_prediction.stats,16,0,5,20,30,6,0,0,0,0,525.x264_r,0.0,0.0,0.0,0.0,2839.0,2839.0
errorconcealment.stats,0,0,0,4,0,4,0,0,0,0,525.x264_r,0.0,0.0,0.0,0.0,405.0,405.0
configfile.stats,6,0,0,10,6,9,0,0,0,0,525.x264_r,0.0,0.0,0.0,0.0,3831.0,3831.0
set.stats,4,2,2,10,4,7,0,0,0,0,525.x264_r,0.0,0.0,0.0,0.0,2080172.0,2080172.0
mb_access.stats,0,0,0,4,0,4,0,0,0,0,525.x264_r,0.0,0.0,0.0,0.0,8843.0,8843.0
nalu.stats,0,0,0,4,0,4,0,0,0,0,525.x264_r,0.0,0.0,0.0,0.0,868.0,868.0
transform8x8.stats,52,0,35,56,52,14,0,0,0,0,525.x264_r,0.0,0.0,0.0,0.0,5151.0,5151.0
cabac.stats,0,0,0,6,0,5,0,0,0,0,525.x264_r,0.0,0.0,0.0,0.0,256915.0,256915.0
intra16x16_pred.stats,0,0,0,4,0,4,0,0,0,0,525.x264_r,0.0,0.0,0.0,0.0,6.0,6.0
erc_api.stats,1,0,0,5,5,5,0,0,0,0,525.x264_r,0.0,0.0,0.0,0.0,3867.0,3867.0
dct.stats,0,0,0,6,0,5,0,0,0,0,525.x264_r,0.0,0.0,0.0,0.0,95587.0,95587.0
intra_chroma_pred.stats,19,3,0,23,437,13,0,0,0,0,525.x264_r,0.0,0.0,0.0,0.0,818218.0,818218.0
y4m.stats,2,0,4,12,2,9,0,0,0,0,525.x264_r,0.0,0.0,0.0,0.0,3192.0,3192.0
leaky_bucket.stats,0,0,0,4,0,4,0,0,0,0,525.x264_r,0.0,0.0,0.0,0.0,0.0,0.0
erc_do_i.stats,0,0,0,4,0,4,0,0,0,0,525.x264_r,0.0,0.0,0.0,0.0,1527.0,1527.0
raw.stats,0,0,0,6,0,5,0,0,0,0,525.x264_r,0.0,0.0,0.0,0.0,69.0,69.0
io_raw.stats,0,0,0,4,0,4,0,0,0,0,525.x264_r,0.0,0.0,0.0,0.0,234.0,234.0
input.stats,0,0,0,4,0,4,0,0,0,0,525.x264_r,0.0,0.0,0.0,0.0,44978.0,44978.0
common.stats,14,0,2,22,29,15,0,0,0,0,525.x264_r,0.0,0.0,0.0,0.0,241054.0,241054.0
cpu.stats,0,0,0,6,0,5,0,0,0,0,525.x264_r,0.0,0.0,0.0,0.0,0.0,0.0
matroska.stats,0,0,0,6,0,5,0,0,0,0,525.x264_r,0.0,0.0,0.0,0.0,1522.0,1522.0
image.stats,29,8,11,44,215,25,0,0,0,0,525.x264_r,0.0,0.0,0.0,0.0,431564.0,431564.0
context_ini.stats,0,0,0,4,0,4,0,0,0,0,525.x264_r,0.0,0.0,0.0,0.0,308505.0,308505.0
mc_prediction.stats,1005,0,15,1009,1214,64,0,0,0,0,525.x264_r,0.0,0.0,0.0,0.0,1541365.0,1541365.0
loop_filter_normal.stats,9,0,0,13,12,13,0,0,0,0,525.x264_r,0.0,0.0,0.0,0.0,45460.0,45460.0
win32.stats,0,0,0,4,0,4,0,0,0,0,525.x264_r,0.0,0.0,0.0,0.0,15.0,15.0
pixel.stats,9,1,0,15,9,9,0,0,0,0,525.x264_r,0.0,0.0,0.0,0.0,34846.0,34846.0
mv_prediction.stats,0,0,0,4,0,4,0,0,0,0,525.x264_r,0.0,0.0,0.0,0.0,10036.0,10036.0
cavlc.stats,2,1,0,6,2,5,0,0,0,0,525.x264_r,0.0,0.0,0.0,0.0,544273.0,544273.0
matroska_ebml.stats,6,3,0,12,12,6,0,0,0,0,525.x264_r,0.0,0.0,0.0,0.0,362433.0,362433.0
rtp.stats,0,0,0,4,0,4,0,0,0,0,525.x264_r,0.0,0.0,0.0,0.0,3812.0,3812.0
predict.stats,1106,541,34,1112,1106,126,0,0,0,0,525.x264_r,0.0,0.0,0.0,0.0,41834.0,41834.0
block.stats,72,0,0,76,404,22,0,0,0,0,525.x264_r,0.0,0.0,0.0,0.0,323921.0,323921.0
img_process.stats,0,0,0,4,0,4,0,0,0,0,525.x264_r,0.0,0.0,0.0,0.0,82976.0,82976.0
nalucommon.stats,0,0,0,4,0,4,0,0,0,0,525.x264_r,0.0,0.0,0.0,0.0,42.0,42.0
timecode.stats,2,0,0,8,2,7,0,0,0,0,525.x264_r,0.0,0.0,0.0,0.0,31458.0,31458.0
parsetcommon.stats,0,0,0,4,0,4,0,0,0,0,525.x264_r,0.0,0.0,0.0,0.0,14561.0,14561.0
yuv.stats,0,0,0,6,0,5,0,0,0,0,525.x264_r,0.0,0.0,0.0,0.0,727.0,727.0
nal.stats,0,0,0,4,0,4,0,0,0,0,525.x264_r,0.0,0.0,0.0,0.0,16.0,16.0
fmo.stats,6,0,0,10,6,7,0,0,0,0,525.x264_r,0.0,0.0,0.0,0.0,23288.0,23288.0
quant.stats,4,0,0,10,9,9,0,0,0,0,525.x264_r,0.0,0.0,0.0,0.0,19131.0,19131.0
filehandle.stats,0,0,0,4,0,4,0,0,0,0,525.x264_r,0.0,0.0,0.0,0.0,0.0,0.0
flv.stats,0,0,0,6,0,5,0,0,0,0,525.x264_r,0.0,0.0,0.0,0.0,2289.0,2289.0
fastpos_table.stats,0,0,0,4,0,4,0,0,0,0,557.xz_r,0.0,0.0,0.0,0.0,0.0,0.0
tuklib_mbstr_fw.stats,0,0,0,4,0,4,0,0,0,0,557.xz_r,0.0,0.0,0.0,0.0,3.0,3.0
options.stats,1,0,0,5,1,5,0,0,0,0,557.xz_r,0.0,0.0,0.0,0.0,871.0,871.0
c-typeck.stats,15,0,1,340,39,120,0,0,0,0,502.gcc_r,0.0,0.0,0.0,0.0,666700.0,666700.0
tree-mudflap.stats,2,0,0,330,2,113,0,0,0,0,502.gcc_r,0.0,0.0,0.0,0.0,149000.0,149000.0
diagnostic.stats,0,0,0,37,0,13,0,0,0,0,502.gcc_r,0.0,0.0,0.0,0.0,7261.0,7261.0
alloc-pool.stats,0,0,0,0,0,0,0,0,0,0,502.gcc_r,0.0,0.0,0.0,0.0,1042.0,1042.0
profile.stats,3,0,0,363,3,125,0,0,0,0,502.gcc_r,0.0,0.0,0.0,0.0,772729.0,772729.0
insn-modes.stats,0,0,0,0,0,0,0,0,0,0,502.gcc_r,0.0,0.0,0.0,0.0,182.0,182.0
xcoffout.stats,0,0,0,52,0,18,0,0,0,0,502.gcc_r,0.0,0.0,0.0,0.0,146.0,146.0
var-tracking.stats,17,2,5,366,51,129,0,0,0,0,502.gcc_r,0.0,0.0,0.0,0.0,2022965.0,2022965.0
host-ieee32.stats,0,0,0,4,0,4,0,0,0,0,502.gcc_r,0.0,0.0,0.0,0.0,1.0,1.0
tree-vect-patterns.stats,2,0,0,540,2,183,0,0,0,0,502.gcc_r,0.0,0.0,0.0,0.0,83073.0,83073.0
sel-sched.stats,31,7,4,355,66,124,0,0,0,0,502.gcc_r,0.0,0.0,0.0,0.0,584718.0,584718.0
tree-ssa-dse.stats,2,1,0,345,2,118,0,0,0,0,502.gcc_r,0.0,0.0,0.0,0.0,34402.0,34402.0
expmed.stats,9,3,0,202,9,67,0,0,0,0,502.gcc_r,0.0,0.0,0.0,0.0,308818.0,308818.0
matrix-reorg.stats,5,1,0,507,11,173,0,0,0,0,502.gcc_r,0.0,0.0,0.0,0.0,252316.0,252316.0
cfgcleanup.stats,5,1,0,210,5,73,0,0,0,0,502.gcc_r,0.0,0.0,0.0,0.0,664516.0,664516.0
tree-ssa-alias.stats,8,3,0,334,24,115,0,0,0,0,502.gcc_r,0.0,0.0,0.0,0.0,110155.0,110155.0
optabs.stats,13,1,0,236,13,83,0,0,0,0,502.gcc_r,0.0,0.0,0.0,0.0,1306136.0,1306136.0
tree-dump.stats,1,0,0,38,2,14,0,0,0,0,502.gcc_r,0.0,0.0,0.0,0.0,148619.0,148619.0
dwarf2asm.stats,1,0,0,53,1,19,0,0,0,0,502.gcc_r,0.0,0.0,0.0,0.0,5571.0,5571.0
spaces.stats,0,0,0,1,0,1,0,0,0,0,502.gcc_r,0.0,0.0,0.0,0.0,151.0,151.0
sel-sched-dump.stats,0,0,0,274,0,95,0,0,0,0,502.gcc_r,0.0,0.0,0.0,0.0,79538.0,79538.0
cpp_identifiers.stats,0,0,0,0,0,0,0,0,0,0,502.gcc_r,0.0,0.0,0.0,0.0,1353.0,1353.0
host-ieee64.stats,0,0,0,4,0,4,0,0,0,0,502.gcc_r,0.0,0.0,0.0,0.0,1.0,1.0
cpp_directives-only.stats,5,1,0,5,5,3,0,0,0,0,502.gcc_r,0.0,0.0,0.0,0.0,3009.0,3009.0
web.stats,2,0,0,195,2,68,0,0,0,0,502.gcc_r,0.0,0.0,0.0,0.0,56579.0,56579.0
tree-ssa-ifcombine.stats,0,0,0,315,0,108,0,0,0,0,502.gcc_r,0.0,0.0,0.0,0.0,118345.0,118345.0
varray.stats,0,0,0,0,0,0,0,0,0,0,502.gcc_r,0.0,0.0,0.0,0.0,356.0,356.0
print-rtl.stats,1,0,0,194,1,67,0,0,0,0,502.gcc_r,0.0,0.0,0.0,0.0,57198.0,57198.0
cpp_line-map.stats,2,1,0,2,2,1,0,0,0,0,502.gcc_r,0.0,0.0,0.0,0.0,3040.0,3040.0
omp-low.stats,8,3,0,381,10,131,0,0,0,0,502.gcc_r,0.0,0.0,0.0,0.0,2483937.0,2483937.0
regrename.stats,11,1,0,215,13,76,0,0,0,0,502.gcc_r,0.0,0.0,0.0,0.0,291695.0,291695.0
c-decl.stats,20,0,2,392,28,136,0,0,0,0,502.gcc_r,0.0,0.0,0.0,0.0,1763261.0,1763261.0
transform.stats,162,0,0,166,290,110,0,0,0,0,525.x264_r,0.0,0.0,0.0,0.0,9931.0,9931.0
tree-if-conv.stats,3,0,0,481,3,164,0,0,0,0,502.gcc_r,0.0,0.0,0.0,0.0,182358.0,182358.0
stream_flags_decoder.stats,0,0,0,4,0,4,0,0,0,0,557.xz_r,0.0,0.0,0.0,0.0,186.0,186.0
lambda-code.stats,25,3,0,515,46,174,0,0,0,0,502.gcc_r,0.0,0.0,0.0,0.0,2183448.0,2183448.0
stmt.stats,13,1,7,299,15,108,0,0,0,0,502.gcc_r,0.0,0.0,0.0,0.0,166841.0,166841.0
postreload.stats,4,0,0,227,6,80,0,0,0,0,502.gcc_r,0.0,0.0,0.0,0.0,108029.0,108029.0
resource.stats,30,2,0,253,30,84,0,0,0,0,502.gcc_r,0.0,0.0,0.0,0.0,72247.0,72247.0
rtl-error.stats,0,0,0,75,0,25,0,0,0,0,502.gcc_r,0.0,0.0,0.0,0.0,1257.0,1257.0
c-convert.stats,0,0,0,37,0,13,0,0,0,0,502.gcc_r,0.0,0.0,0.0,0.0,1631.0,1631.0
tree-ssa-loop-unswitch.stats,2,0,0,345,2,118,0,0,0,0,502.gcc_r,0.0,0.0,0.0,0.0,11002.0,11002.0
graphite-sese-to-poly.stats,0,0,0,525,0,178,0,0,0,0,502.gcc_r,0.0,0.0,0.0,0.0,146.0,146.0
lto-symtab.stats,2,0,0,388,4,131,0,0,0,0,502.gcc_r,0.0,0.0,0.0,0.0,36583.0,36583.0
lto-opts.stats,2,0,0,354,8,120,0,0,0,0,502.gcc_r,0.0,0.0,0.0,0.0,3353.0,3353.0
timevar.stats,0,0,0,15,0,5,0,0,0,0,502.gcc_r,0.0,0.0,0.0,0.0,62053.0,62053.0
dce.stats,5,1,0,223,5,76,0,0,0,0,502.gcc_r,0.0,0.0,0.0,0.0,91557.0,91557.0
ebitmap.stats,13,3,2,28,13,14,0,0,0,0,502.gcc_r,0.0,0.0,0.0,0.0,12048.0,12048.0
insn-recog.stats,0,0,0,193,0,66,0,0,0,0,502.gcc_r,0.0,0.0,0.0,0.0,188565632.0,188565632.0
tree-ssa-loop-niter.stats,2,0,0,480,4,163,0,0,0,0,502.gcc_r,0.0,0.0,0.0,0.0,156859.0,156859.0
fdmatch.stats,0,0,0,0,0,0,0,0,0,0,502.gcc_r,0.0,0.0,0.0,0.0,151.0,151.0
objalloc.stats,0,0,0,0,0,0,0,0,0,0,502.gcc_r,0.0,0.0,0.0,0.0,1734.0,1734.0
dfp.stats,0,0,0,37,0,13,0,0,0,0,502.gcc_r,0.0,0.0,0.0,0.0,10103.0,10103.0
loop-init.stats,2,0,0,208,2,71,0,0,0,0,502.gcc_r,0.0,0.0,0.0,0.0,3061.0,3061.0
plugin.stats,0,0,0,37,0,13,0,0,0,0,502.gcc_r,0.0,0.0,0.0,0.0,4075.0,4075.0
i386.stats,38,5,11,404,169,155,0,0,0,0,502.gcc_r,0.0,0.0,0.0,0.0,1700144.0,1700144.0
tree-vect-generic.stats,2,0,0,330,6,113,0,0,0,0,502.gcc_r,0.0,0.0,0.0,0.0,71809.0,71809.0
decimal64.stats,8,0,0,13,8,13,0,0,0,0,502.gcc_r,0.0,0.0,0.0,0.0,11013.0,11013.0
c-ppoutput.stats,1,0,0,38,6,14,0,0,0,0,502.gcc_r,0.0,0.0,0.0,0.0,9356.0,9356.0
tree-ssa-reassoc.stats,16,1,0,373,57,128,0,0,0,0,502.gcc_r,0.0,0.0,0.0,0.0,308930.0,308930.0
loop-unswitch.stats,2,0,0,208,2,71,0,0,0,0,502.gcc_r,0.0,0.0,0.0,0.0,43735.0,43735.0
tree-profile.stats,0,0,0,345,0,118,0,0,0,0,502.gcc_r,0.0,0.0,0.0,0.0,11042.0,11042.0
cc1-checksum.stats,0,0,0,0,0,0,0,0,0,0,502.gcc_r,0.0,0.0,0.0,0.0,146.0,146.0
tree-outof-ssa.stats,17,4,0,345,34,118,0,0,0,0,502.gcc_r,0.0,0.0,0.0,0.0,147732.0,147732.0
opts-common.stats,0,0,0,0,0,0,0,0,0,0,502.gcc_r,0.0,0.0,0.0,0.0,1833.0,1833.0
except.stats,11,0,0,361,63,124,0,0,0,0,502.gcc_r,0.0,0.0,0.0,0.0,156602.0,156602.0
tree-call-cdce.stats,2,0,0,330,16,113,0,0,0,0,502.gcc_r,0.0,0.0,0.0,0.0,71278.0,71278.0
host-linux.stats,0,0,0,0,0,0,0,0,0,0,502.gcc_r,0.0,0.0,0.0,0.0,146.0,146.0
real.stats,24,0,0,61,69,34,0,0,0,0,502.gcc_r,0.0,0.0,0.0,0.0,30614.0,30614.0
loop-unroll.stats,6,0,0,208,10,71,0,0,0,0,502.gcc_r,0.0,0.0,0.0,0.0,485962.0,485962.0
spec_xz.stats,0,0,0,4,0,4,0,0,0,0,557.xz_r,0.0,0.0,0.0,0.0,1432.0,1432.0
auto_decoder.stats,0,0,0,4,0,4,0,0,0,0,557.xz_r,0.0,0.0,0.0,0.0,1133.0,1133.0
block_header_decoder.stats,1,1,0,5,1,5,0,0,0,0,557.xz_r,0.0,0.0,0.0,0.0,2556.0,2556.0
filter_buffer_encoder.stats,0,0,0,4,0,4,0,0,0,0,557.xz_r,0.0,0.0,0.0,0.0,91.0,91.0
lzma2_decoder.stats,19,9,0,27,19,10,0,0,0,0,557.xz_r,0.0,0.0,0.0,0.0,1264.0,1264.0
simple_decoder.stats,0,0,0,4,0,4,0,0,0,0,557.xz_r,0.0,0.0,0.0,0.0,28.0,28.0
index.stats,0,0,0,4,0,4,0,0,0,0,557.xz_r,0.0,0.0,0.0,0.0,20719.0,20719.0
filter_decoder.stats,0,0,0,4,0,4,0,0,0,0,557.xz_r,0.0,0.0,0.0,0.0,93.0,93.0
alone_encoder.stats,0,0,0,4,0,4,0,0,0,0,557.xz_r,0.0,0.0,0.0,0.0,1158.0,1158.0
crc32_table.stats,0,0,0,4,0,4,0,0,0,0,557.xz_r,0.0,0.0,0.0,0.0,0.0,0.0
filter_buffer_decoder.stats,0,0,0,4,0,4,0,0,0,0,557.xz_r,0.0,0.0,0.0,0.0,171.0,171.0
lzma_encoder_optimum_normal.stats,6,0,0,18,26,13,0,0,0,0,557.xz_r,0.0,0.0,0.0,0.0,139128.0,139128.0
block_header_encoder.stats,2,0,0,6,2,5,0,0,0,0,557.xz_r,0.0,0.0,0.0,0.0,281.0,281.0
sha256.stats,1,0,0,6,1,6,0,0,0,0,557.xz_r,0.0,0.0,0.0,0.0,1049.0,1049.0
args.stats,0,0,0,4,0,4,0,0,0,0,557.xz_r,0.0,0.0,0.0,0.0,0.0,0.0
x86.stats,0,0,0,4,0,4,0,0,0,0,557.xz_r,0.0,0.0,0.0,0.0,145.0,145.0
cpp_init.stats,2,0,0,2,2,1,0,0,0,0,502.gcc_r,0.0,0.0,0.0,0.0,8084.0,8084.0
vli_encoder.stats,1,0,0,5,1,5,0,0,0,0,557.xz_r,0.0,0.0,0.0,0.0,28.0,28.0
spec.stats,6,6,0,14,6,7,0,0,0,0,557.xz_r,0.0,0.0,0.0,0.0,3081.0,3081.0
simple_coder.stats,0,0,0,4,0,4,0,0,0,0,557.xz_r,0.0,0.0,0.0,0.0,2835.0,2835.0
hardware.stats,0,0,0,4,0,4,0,0,0,0,557.xz_r,0.0,0.0,0.0,0.0,10.0,10.0
easy_preset.stats,0,0,0,4,0,4,0,0,0,0,557.xz_r,0.0,0.0,0.0,0.0,15.0,15.0
list.stats,0,0,0,4,0,4,0,0,0,0,557.xz_r,0.0,0.0,0.0,0.0,30600.0,30600.0
stream_flags_common.stats,0,0,0,4,0,4,0,0,0,0,557.xz_r,0.0,0.0,0.0,0.0,28.0,28.0
index_decoder.stats,11,5,0,15,11,8,0,0,0,0,557.xz_r,0.0,0.0,0.0,0.0,1460.0,1460.0
crc32_fast.stats,4,0,0,8,8,6,0,0,0,0,557.xz_r,0.0,0.0,0.0,0.0,528.0,528.0
stream_encoder.stats,0,0,0,4,0,4,0,0,0,0,557.xz_r,0.0,0.0,0.0,0.0,3085.0,3085.0
vli_decoder.stats,0,0,0,4,0,4,0,0,0,0,557.xz_r,0.0,0.0,0.0,0.0,28.0,28.0
filter_flags_encoder.stats,0,0,0,4,0,4,0,0,0,0,557.xz_r,0.0,0.0,0.0,0.0,24.0,24.0
tuklib_mbstr_width.stats,0,0,0,4,0,4,0,0,0,0,557.xz_r,0.0,0.0,0.0,0.0,1.0,1.0
main.stats,0,0,0,4,0,4,0,0,0,0,557.xz_r,0.0,0.0,0.0,0.0,0.0,0.0
file_io.stats,0,0,0,4,0,4,0,0,0,0,557.xz_r,0.0,0.0,0.0,0.0,1643.0,1643.0
util.stats,0,0,0,4,0,4,0,0,0,0,557.xz_r,0.0,0.0,0.0,0.0,309.0,309.0
alone_decoder.stats,0,0,0,8,0,5,0,0,0,0,557.xz_r,0.0,0.0,0.0,0.0,1801.0,1801.0
init-regs.stats,0,0,0,193,0,66,0,0,0,0,502.gcc_r,0.0,0.0,0.0,0.0,4997.0,4997.0
loop-doloop.stats,0,0,0,208,0,71,0,0,0,0,502.gcc_r,0.0,0.0,0.0,0.0,146.0,146.0
prefix.stats,4,0,0,5,8,2,0,0,0,0,502.gcc_r,0.0,0.0,0.0,0.0,944.0,944.0
toplev.stats,2,0,0,375,3,128,0,0,0,0,502.gcc_r,0.0,0.0,0.0,0.0,86800.0,86800.0
dojump.stats,0,0,0,193,0,66,0,0,0,0,502.gcc_r,0.0,0.0,0.0,0.0,30142.0,30142.0
opts.stats,15,1,0,426,19,146,0,0,0,0,502.gcc_r,0.0,0.0,0.0,0.0,110983.0,110983.0
ira-lives.stats,3,0,2,285,3,96,0,0,0,0,502.gcc_r,0.0,0.0,0.0,0.0,267673.0,267673.0
tree-pretty-print.stats,0,0,0,330,0,113,0,0,0,0,502.gcc_r,0.0,0.0,0.0,0.0,532209.0,532209.0
index_encoder.stats,2,1,0,6,2,5,0,0,0,0,557.xz_r,0.0,0.0,0.0,0.0,1012.0,1012.0
i386-c.stats,0,0,0,52,0,18,0,0,0,0,502.gcc_r,0.0,0.0,0.0,0.0,48891.0,48891.0
tree-ssa-forwprop.stats,2,1,0,330,6,113,0,0,0,0,502.gcc_r,0.0,0.0,0.0,0.0,660004.0,660004.0
fwprop.stats,7,1,0,240,20,83,0,0,0,0,502.gcc_r,0.0,0.0,0.0,0.0,75391.0,75391.0
tree-ssa-dom.stats,12,3,0,375,33,128,0,0,0,0,502.gcc_r,0.0,0.0,0.0,0.0,453650.0,453650.0
tracer.stats,2,0,0,332,2,115,0,0,0,0,502.gcc_r,0.0,0.0,0.0,0.0,21004.0,21004.0
print-tree.stats,1,0,0,316,1,109,0,0,0,0,502.gcc_r,0.0,0.0,0.0,0.0,168359.0,168359.0
filter_common.stats,2,0,0,6,3,6,0,0,0,0,557.xz_r,0.0,0.0,0.0,0.0,1291.0,1291.0
decContext.stats,0,0,0,4,0,4,0,0,0,0,502.gcc_r,0.0,0.0,0.0,0.0,1729.0,1729.0
lzma_decoder.stats,220,2,0,224,224,77,0,0,0,0,557.xz_r,0.0,0.0,0.0,0.0,144613.0,144613.0
easy_encoder_memusage.stats,0,0,0,4,0,4,0,0,0,0,557.xz_r,0.0,0.0,0.0,0.0,3.0,3.0
stream_buffer_decoder.stats,0,0,0,4,0,4,0,0,0,0,557.xz_r,0.0,0.0,0.0,0.0,153.0,153.0
sparc.stats,0,0,0,4,0,4,0,0,0,0,557.xz_r,0.0,0.0,0.0,0.0,103.0,103.0
tuklib_physmem.stats,0,0,0,4,0,4,0,0,0,0,557.xz_r,0.0,0.0,0.0,0.0,0.0,0.0
block_util.stats,0,0,0,4,0,4,0,0,0,0,557.xz_r,0.0,0.0,0.0,0.0,30.0,30.0
price_table.stats,0,0,0,12,0,7,0,0,0,0,557.xz_r,0.0,0.0,0.0,0.0,0.0,0.0
stream_buffer_encoder.stats,0,0,0,4,0,4,0,0,0,0,557.xz_r,0.0,0.0,0.0,0.0,210.0,210.0
easy_decoder_memusage.stats,0,0,0,4,0,4,0,0,0,0,557.xz_r,0.0,0.0,0.0,0.0,3.0,3.0
common.stats,0,0,0,4,0,4,0,0,0,0,557.xz_r,0.0,0.0,0.0,0.0,2592.0,2592.0
gv.stats,21,1,5,52,23,40,-1,-2,-190,0,500.perlbench_r,-0.04,0.0,-0.004,-0.089,537128.0,536935.0
cfglayout.stats,9,0,1,225,11,77,0,-6,-70,1,502.gcc_r,-0.056,0.29,-0.105,0.0,131474.0,131399.0
hv.stats,13,3,1,31,19,24,-1,-8,-597,1,500.perlbench_r,-0.353,0.108,-0.076,-0.12,181607.0,181002.0
omega.stats,65,22,6,139,90,54,0,-17,-3507,0,502.gcc_r,-0.641,0.0,-0.041,0.0,589504.0,585980.0
lzma_encoder.stats,8,3,0,12,16,7,0,-31,-371,2,557.xz_r,-0.637,0.623,-0.045,0.0,127179.0,126779.0
block_buffer_encoder.stats,13,3,0,17,26,9,0,-45,-120,0,557.xz_r,-16.667,0.0,-5.351,0.0,1596.0,1431.0
pp_pack.stats,103,21,51,168,2872,114,-12,-3787,-5861,-24,500.perlbench_r,-0.142,-2.122,-0.618,-1.131,4730434.0,4720750.0
